<?xml version="1.0" encoding="utf-8" ?>
<dwsync>
<file name="custom.css" server="ftp.beatblab.com/mrchalkies/installify/" local="130960360143005846" remote="130960072200000000" Dst="0" />
<file name="custom.css" server="autospares.co.ke/public_html/installify/" local="130960278737071895" remote="130960277400000000" Dst="0" />
<file name="custom.css" server="192.186.246.118/public_html/installify/" local="130972395632821954" remote="130972036200000000" Dst="0" />
<file name="media_queries.css" server="192.186.246.118/public_html/installify/" local="130963938943094137" remote="130963579200000000" Dst="0" />
<file name="smart_banner.css" server="192.186.246.118/public_html/installify/" local="130962116891399990" remote="130961757000000000" Dst="0" />
<file name="custom.css" server="nairobisingles.com/public_html/installify/" local="130997409998632607" remote="130997051400000000" Dst="0" />
<file name="lists.css" server="nairobisingles.com/public_html/installify/" local="130988298280625667" remote="130987938000000000" Dst="0" />
<file name="buttons.css" server="nairobisingles.com/public_html/installify/" local="130982626872430721" remote="130987812000000000" Dst="0" />
<file name="media_queries.css" server="nairobisingles.com/public_html/installify/" local="130996575899031063" remote="130996328400000000" Dst="0" />
<file name="smart_banner.css" server="nairobisingles.com/public_html/installify/" local="130962116891399990" remote="130987812000000000" Dst="0" />
</dwsync>