<?xml version="1.0" encoding="utf-8" ?>
<dwsync>
<file name="332.GIF" server="192.186.246.118/public_html/installify/" local="130819596653956531" remote="130969689600000000" Dst="0" />
<file name="avatar.jpg" server="192.186.246.118/public_html/installify/" local="130819588536314813" remote="130969689600000000" Dst="0" />
<file name="332.GIF" server="nairobisingles.com/public_html/installify/" local="130819596653956531" remote="130987813200000000" Dst="0" />
<file name="avatar.jpg" server="nairobisingles.com/public_html/installify/" local="130819588536314813" remote="130987813200000000" Dst="0" />
<file name="iphone.jpg" server="nairobisingles.com/public_html/installify/" local="130988106022893081" remote="130987813200000000" Dst="0" />
<file name="dashboard.png" server="nairobisingles.com/public_html/installify/" local="130988075495718176" remote="130987813200000000" Dst="0" />
<file name="macbook.jpg" server="nairobisingles.com/public_html/installify/" local="130988056075176776" remote="130987813200000000" Dst="0" />
<file name="macbook-editting.png" server="nairobisingles.com/public_html/installify/" local="130988090900207103" remote="130987813200000000" Dst="0" />
<file name="macbook.png" server="nairobisingles.com/public_html/installify/" local="130988084775318939" remote="130987813200000000" Dst="0" />
<file name="iphone.png" server="nairobisingles.com/public_html/installify/" local="130988259806257472" remote="130987900800000000" Dst="0" />
<file name="pagetop.jpg" server="nairobisingles.com/public_html/installify/" local="130996551952090014" remote="130996329000000000" Dst="0" />
</dwsync>