<?xml version="1.0" encoding="utf-8" ?>
<dwsync>
<file name="site_model.php" server="148.251.2.43/public_html/clothes/" local="130519661422561448" remote="130519661400000000" Dst="0" />
<file name="cart_model.php" server="148.251.2.43/public_html/clothes/" local="130520441448040246" remote="130520576400000000" Dst="0" />
<file name="email_model.php" server="148.251.2.43/public_html/clothes/" local="130519884459898454" remote="130520576400000000" Dst="0" />
<file name="site_model.php" server="autospares.co.ke/public_html/development/" local="130820380162176218" remote="130821171600000000" Dst="0" />
<file name="site_model.php" server="autospares.co.ke/public_html/dobi/" local="130822199410000000" remote="130822939200000000" Dst="0" />
<file name="email_model.php" server="autospares.co.ke/public_html/dobi/" local="130822934670119664" remote="130822957800000000" Dst="0" />
<file name="site_model.php" server="privatebushflights.com/public_html/dobi.co.ke/" local="130831484681297809" remote="130831132200000000" Dst="0" />
<file name="site_model.php" server="23.229.204.232/public_html/dobi.co.ke/" local="130854869467955793" remote="130854513000000000" Dst="0" />
<file name="payments_model.php" server="23.229.204.232/public_html/dobi.co.ke/" local="130845545385787556" remote="130854516000000000" Dst="0" />
<file name="orders_model.php" server="23.229.204.232/public_html/dobi.co.ke/" local="130913604685091141" remote="130913244600000000" Dst="0" />
</dwsync>