<?xml version="1.0" encoding="utf-8" ?>
<dwsync>
<file name="custom.js" server="ftp.beatblab.com/mrchalkies/installify/" local="130957946202173912" remote="130960002600000000" Dst="0" />
<file name="smart_banner.js" server="ftp.beatblab.com/mrchalkies/installify/" local="130957947727416390" remote="130960002600000000" Dst="0" />
<file name="google.js" server="ftp.beatblab.com/mrchalkies/installify/" local="130960286225051890" remote="130960002600000000" Dst="0" />
<file name="custom.js" server="autospares.co.ke/public_html/installify/" local="130957946202173912" remote="130957945800000000" Dst="0" />
<file name="google.js" server="autospares.co.ke/public_html/installify/" local="130957837091731031" remote="130957849800000000" Dst="0" />
<file name="smart_banner.js" server="autospares.co.ke/public_html/installify/" local="130957947727416390" remote="130957947600000000" Dst="0" />
<file name="google_signin.js" server="autospares.co.ke/public_html/installify/" local="130957855889023598" remote="130957942200000000" Dst="0" />
<file name="google_signin.js" server="ftp.beatblab.com/mrchalkies/installify/" local="130957855889023598" remote="130960002600000000" Dst="0" />
<file name="google.js" server="192.186.246.118/public_html/installify/" local="130970064117907075" remote="130969704600000000" Dst="0" />
<file name="google_signin.js" server="192.186.246.118/public_html/installify/" local="130970064025976482" remote="130969704600000000" Dst="0" />
<file name="custom.js" server="192.186.246.118/public_html/installify/" local="130970501389848564" remote="130970221200000000" Dst="0" />
<file name="smart_banner.js" server="192.186.246.118/public_html/installify/" local="130962036381594507" remote="130961686200000000" Dst="0" />
<file name="custom.js" server="nairobisingles.com/public_html/installify/" local="130998311754259130" remote="130997953200000000" Dst="0" />
<file name="google.js" server="nairobisingles.com/public_html/installify/" local="130998300040994383" remote="130997940000000000" Dst="0" />
<file name="google_signin.js" server="nairobisingles.com/public_html/installify/" local="130993443830913830" remote="130993090800000000" Dst="0" />
<file name="masonry.pkgd.min.js" server="nairobisingles.com/public_html/installify/" local="130972520216241512" remote="130987812000000000" Dst="0" />
<file name="smart_banner.js" server="nairobisingles.com/public_html/installify/" local="130962036381594507" remote="130987812000000000" Dst="0" />
<file name="google.js" server="omnis.co.ke/public_html/installify/" local="131001949950284302" remote="131001878400000000" Dst="0" />
</dwsync>